{
  "model": "unet3d",
  "task": "field_prediction",
  "split": "test",
  "n_samples": 1211,
  "n_params": 22715077,
  "metrics": {
    "overall_rel_l2": {
      "mean": 0.04649662226438522,
      "std": 0.01845932938158512
    },
    "overall_rmse": {
      "mean": 0.04237109795212746,
      "std": 0.020189441740512848
    },
    "mass_conservation_violation": {
      "mean": 0.0,
      "std": 0.0
    },
    "velocity_x_rel_l2": {
      "mean": 0.038027890026569366,
      "std": 0.01658051088452339
    },
    "velocity_y_rel_l2": {
      "mean": 0.1331772804260254,
      "std": 0.16244915127754211
    },
    "velocity_z_rel_l2": {
      "mean": 0.202437162399292,
      "std": 0.44685837626457214
    },
    "temperature_rel_l2": {
      "mean": 0.080195851624012,
      "std": 0.06533355265855789
    },
    "pressure_rel_l2": {
      "mean": 0.03393260017037392,
      "std": 0.014696604572236538
    }
  }
}