{
  "mean": {
    "mask": [
      0.46872755885124207
    ],
    "heat_source": [
      0.012341491878032684
    ],
    "velocity": [
      0.016593117266893387,
      0.00023219594731926918,
      -1.3155105079931673e-05
    ],
    "temperature": [
      35.832637786865234
    ],
    "pressure": [
      0.33936768770217896
    ]
  },
  "std": {
    "mask": [
      0.49902108311653137
    ],
    "heat_source": [
      0.09581982344388962
    ],
    "velocity": [
      0.026924291625618935,
      0.011047371663153172,
      0.006283424329012632
    ],
    "temperature": [
      9.752213478088379
    ],
    "pressure": [
      0.010386795736849308
    ]
  }
}