{
  "mean": {
    "mask": [
      0.4566953182220459
    ],
    "heat_source": [
      0.012275781482458115
    ],
    "velocity": [
      0.01756572537124157,
      0.00016514580056536943,
      -2.8361415388644673e-05
    ],
    "temperature": [
      35.0499153137207
    ],
    "pressure": [
      0.3392331004142761
    ]
  },
  "std": {
    "mask": [
      0.4981212019920349
    ],
    "heat_source": [
      0.09431737661361694
    ],
    "velocity": [
      0.02735571376979351,
      0.009968044236302376,
      0.005692083854228258
    ],
    "temperature": [
      9.37827205657959
    ],
    "pressure": [
      0.009749647229909897
    ]
  }
}