{
  "model": "mlp_baseline",
  "task": "field_prediction",
  "split": "test",
  "n_samples": 1211,
  "n_params": 69125,
  "metrics": {
    "overall_rel_l2": {
      "mean": 0.893457293510437,
      "std": 0.09163757413625717
    },
    "overall_rmse": {
      "mean": 0.8263213038444519,
      "std": 0.2803981602191925
    },
    "mass_conservation_violation": {
      "mean": 0.0,
      "std": 0.0
    },
    "velocity_x_rel_l2": {
      "mean": 0.8762745261192322,
      "std": 0.13732053339481354
    },
    "velocity_y_rel_l2": {
      "mean": 1.0007647275924683,
      "std": 0.13153281807899475
    },
    "velocity_z_rel_l2": {
      "mean": 1.0108821392059326,
      "std": 0.3220411539077759
    },
    "temperature_rel_l2": {
      "mean": 0.6227826476097107,
      "std": 0.30287352204322815
    },
    "pressure_rel_l2": {
      "mean": 0.8870470523834229,
      "std": 0.13073134422302246
    }
  }
}