{
  "mean": {
    "mask": [
      0.46180206537246704
    ],
    "heat_source": [
      0.012148784473538399
    ],
    "velocity": [
      0.0178382508456707,
      0.00012817038805224001,
      -1.19171199912671e-05
    ],
    "temperature": [
      34.77436447143555
    ],
    "pressure": [
      0.3389001488685608
    ]
  },
  "std": {
    "mask": [
      0.4985387623310089
    ],
    "heat_source": [
      0.09432709962129593
    ],
    "velocity": [
      0.028492486104369164,
      0.010580894537270069,
      0.006289859302341938
    ],
    "temperature": [
      8.511650085449219
    ],
    "pressure": [
      0.009177666157484055
    ]
  }
}